Возраст,Пол,Доход_тыс,Образование,Населенный_пункт,Количество_детей,Занятость
32,Мужской,40.5,Среднее специальное,Село,0,Работает
29,Женский,47.3,Среднее специальное,Город,1,Работает
33,Мужской,26.3,Среднее специальное,Село,0,Работает
37,Женский,33.9,Среднее специальное,Город,2,Пенсионер
28,Мужской,62.0,Высшее,Село,1,Работает
28,Мужской,34.1,Магистратура,Город,3,Работает
37,Мужской,32.8,Высшее,Село,2,Пенсионер
33,Мужской,54.5,Среднее,Город,1,Работает
27,Женский,61.3,Среднее,Село,1,Безработный
32,Мужской,56.8,Магистратура,Село,2,Работает
27,Женский,58.4,Среднее специальное,Город,0,Пенсионер
27,Мужской,32.1,Среднее,Город,3,Работает
31,Мужской,24.2,Высшее,Село,1,Работает
20,Мужской,62.5,Высшее,Город,0,Студент
21,Женский,35.7,Высшее,Село,0,Студент
27,Мужской,39.7,Среднее специальное,Город,1,Работает
24,Женский,61.9,Среднее,Город,0,Работает
31,Женский,53.8,Магистратура,Село,2,Работает
25,Женский,49.3,Среднее специальное,Город,1,Студент
22,Женский,73.5,Высшее,Село,0,Студент
37,Женский,38.8,Высшее,Город,0,Студент
28,Женский,57.9,Высшее,Город,1,Работает
30,Женский,45.9,Среднее специальное,Город,0,Работает
22,Женский,45.0,Среднее специальное,Город,2,Студент
27,Женский,66.4,Высшее,Город,1,Пенсионер
30,Мужской,52.6,Магистратура,Город,2,Работает
24,Мужской,50.1,Магистратура,Город,1,Работает
31,Мужской,61.6,Среднее,Город,0,Пенсионер
26,Мужской,37.5,Среднее,Село,1,Работает
28,Мужской,31.4,Магистратура,Город,5,Работает
26,Женский,27.3,Высшее,Город,2,Работает
39,Женский,20.0,Магистратура,Город,1,Работает
29,Женский,75.3,Среднее специальное,Город,2,Безработный
24,Женский,25.5,Высшее,Село,3,Работает
34,Женский,43.7,Высшее,Город,1,Работает
23,Женский,37.3,Высшее,Город,3,Работает
31,Женский,50.1,Среднее специальное,Город,0,Работает
20,Мужской,52.2,Среднее,Город,2,Студент
23,Мужской,54.4,Высшее,Село,0,Работает
30,Мужской,36.3,Среднее специальное,Город,3,Работает
33,Мужской,44.0,Среднее специальное,Село,2,Работает
30,Женский,49.2,Магистратура,Город,4,Работает
29,Женский,40.8,Среднее специальное,Город,1,Работает
28,Женский,68.1,Высшее,Село,3,Пенсионер
22,Мужской,48.4,Среднее,Город,0,Студент
26,Женский,54.0,Высшее,Город,2,Пенсионер
27,Женский,53.4,Магистратура,Город,1,Работает
35,Женский,65.1,Среднее,Город,1,Работает
31,Мужской,48.2,Среднее,Город,0,Работает
21,Женский,21.0,Среднее специальное,Город,1,Студент
31,Мужской,51.5,Среднее,Город,0,Работает
28,Мужской,34.2,Высшее,Город,0,Работает
26,Мужской,35.1,Магистратура,Город,2,Студент
33,Мужской,55.3,Среднее специальное,Город,0,Работает
35,Женский,66.1,Среднее специальное,Город,0,Работает
34,Мужской,47.3,Среднее специальное,Город,3,Пенсионер
25,Мужской,47.1,Высшее,Село,2,Работает
28,Женский,69.5,Среднее,Город,1,Пенсионер
31,Женский,49.1,Высшее,Село,4,Безработный
34,Мужской,86.0,Высшее,Город,2,Студент
27,Женский,52.0,Высшее,Город,3,Работает
29,Мужской,18.1,Среднее специальное,Город,2,Безработный
24,Мужской,53.3,Высшее,Город,1,Работает
24,Мужской,47.7,Среднее,Город,2,Работает
34,Мужской,66.3,Среднее,Город,3,Работает
36,Женский,58.1,Магистратура,Город,2,Работает
29,Мужской,42.4,Высшее,Село,1,Работает
35,Женский,29.1,Среднее,Город,2,Работает
31,Женский,42.4,Среднее специальное,Город,2,Пенсионер
26,Женский,30.2,Среднее специальное,Село,1,Безработный
31,Женский,36.8,Среднее специальное,Город,1,Безработный
37,Мужской,57.3,Среднее специальное,Город,0,Работает
29,Женский,69.5,Среднее,Город,1,Безработный
37,Мужской,54.4,Среднее специальное,Село,0,Работает
18,Женский,21.1,Высшее,Село,2,Студент
34,Женский,53.7,Высшее,Город,2,Студент
30,Мужской,62.9,Высшее,Город,2,Работает
28,Мужской,34.9,Среднее,Село,0,Пенсионер
30,Мужской,43.0,Магистратура,Город,2,Работает
20,Женский,40.2,Высшее,Город,2,Студент
28,Женский,32.2,Высшее,Город,3,Работает
31,Мужской,55.2,Высшее,Город,3,Работает
37,Мужской,46.7,Магистратура,Город,3,Безработный
27,Мужской,49.8,Высшее,Город,2,Работает
25,Мужской,29.2,Среднее специальное,Город,2,Работает
27,Женский,36.9,Высшее,Город,0,Работает
34,Мужской,57.8,Высшее,Село,2,Безработный
31,Мужской,39.9,Высшее,Город,2,Студент
27,Мужской,69.4,Высшее,Город,2,Безработный
32,Мужской,40.0,Среднее,Город,0,Безработный
30,Женский,48.4,Среднее специальное,Город,0,Работает
34,Мужской,61.0,Магистратура,Город,2,Работает
26,Женский,21.7,Высшее,Город,1,Работает
28,Мужской,17.6,Высшее,Село,2,Работает
28,Мужской,21.1,Среднее специальное,Село,2,Безработный
22,Женский,59.9,Среднее специальное,Город,4,Студент
31,Мужской,37.2,Магистратура,Город,0,Безработный
31,Женский,83.9,Высшее,Город,1,Работает
30,Женский,36.5,Высшее,Село,0,Работает
28,Мужской,46.8,Среднее специальное,Село,0,Работает
22,Женский,64.1,Высшее,Город,0,Студент
27,Женский,73.6,Среднее специальное,Город,1,Безработный
28,Женский,74.9,Высшее,Село,2,Пенсионер
25,Женский,60.6,Среднее специальное,Город,0,Работает
29,Женский,59.9,Среднее специальное,Город,1,Студент
32,Женский,54.9,Высшее,Город,3,Работает
39,Женский,61.2,Магистратура,Город,1,Работает
30,Женский,36.7,Среднее,Село,3,Студент
31,Мужской,33.2,Высшее,Село,3,Работает
29,Мужской,44.4,Среднее специальное,Город,2,Безработный
20,Женский,37.4,Среднее специальное,Город,1,Студент
29,Мужской,37.7,Среднее,Город,1,Работает
30,Женский,55.4,Среднее специальное,Город,1,Студент
42,Женский,65.3,Высшее,Город,1,Работает
29,Мужской,45.8,Среднее,Город,0,Безработный
31,Женский,67.7,Среднее специальное,Город,2,Работает
29,Женский,27.4,Магистратура,Город,1,Работает
24,Женский,39.1,Среднее,Город,3,Работает
35,Женский,36.7,Высшее,Город,2,Работает
33,Мужской,18.5,Среднее специальное,Город,2,Работает
33,Женский,45.3,Высшее,Город,0,Работает
25,Женский,40.7,Среднее специальное,Село,2,Студент
37,Женский,71.2,Среднее,Город,1,Работает
22,Мужской,50.5,Среднее,Город,3,Студент
32,Женский,30.6,Среднее,Село,2,Работает
40,Мужской,77.8,Среднее,Село,0,Работает
25,Мужской,60.8,Высшее,Город,4,Безработный
27,Женский,52.2,Магистратура,Село,2,Студент
30,Женский,41.6,Высшее,Город,3,Работает
27,Мужской,29.1,Высшее,Город,0,Пенсионер
22,Женский,35.4,Среднее,Город,1,Студент
30,Мужской,61.3,Среднее специальное,Город,2,Работает
24,Мужской,70.3,Среднее специальное,Город,2,Безработный
32,Женский,69.1,Среднее специальное,Город,1,Работает
25,Женский,35.2,Высшее,Город,1,Безработный
37,Мужской,31.7,Высшее,Город,1,Пенсионер
26,Мужской,45.1,Среднее специальное,Город,2,Работает
28,Мужской,17.5,Среднее специальное,Город,3,Студент
34,Мужской,51.8,Высшее,Город,3,Пенсионер
23,Женский,39.3,Высшее,Село,1,Работает
31,Женский,38.5,Среднее специальное,Село,1,Работает
36,Женский,24.1,Магистратура,Село,1,Работает
21,Женский,48.2,Магистратура,Город,3,Студент
30,Женский,37.0,Среднее специальное,Село,3,Безработный
31,Мужской,28.0,Среднее специальное,Город,2,Работает
33,Женский,15.0,Высшее,Город,1,Работает
23,Женский,41.1,Магистратура,Город,0,Работает
23,Женский,68.1,Магистратура,Город,1,Работает
32,Женский,70.9,Среднее,Город,1,Работает
31,Женский,38.6,Среднее специальное,Город,1,Работает
31,Мужской,36.5,Высшее,Село,2,Работает
31,Мужской,52.5,Высшее,Город,3,Работает
26,Мужской,28.0,Среднее,Город,3,Работает
31,Женский,50.0,Магистратура,Село,1,Работает
31,Мужской,57.0,Высшее,Город,2,Безработный
26,Мужской,61.4,Высшее,Город,1,Работает
39,Женский,48.0,Магистратура,Город,2,Работает
32,Женский,42.9,Высшее,Город,0,Работает
24,Женский,28.8,Среднее специальное,Город,1,Работает
33,Мужской,34.1,Высшее,Город,0,Работает
25,Мужской,39.1,Среднее,Город,1,Работает
33,Женский,52.0,Высшее,Город,1,Работает
35,Женский,61.2,Среднее,Город,1,Пенсионер
25,Мужской,30.5,Высшее,Город,0,Пенсионер
34,Мужской,69.4,Среднее специальное,Город,2,Пенсионер
32,Женский,41.9,Среднее,Село,1,Безработный
34,Женский,46.7,Среднее,Город,3,Безработный
39,Мужской,38.3,Среднее,Город,0,Работает
28,Женский,15.0,Высшее,Город,1,Работает
26,Мужской,56.3,Высшее,Город,4,Работает
25,Мужской,53.6,Высшее,Город,1,Работает
25,Мужской,38.3,Среднее,Город,0,Пенсионер
29,Мужской,45.5,Среднее,Село,1,Работает
31,Женский,53.2,Среднее,Село,1,Работает
31,Женский,22.1,Среднее,Город,2,Работает
34,Мужской,39.1,Магистратура,Село,2,Работает
30,Мужской,56.9,Среднее специальное,Город,3,Безработный
37,Мужской,29.7,Среднее специальное,Город,3,Пенсионер
28,Мужской,48.4,Среднее,Город,2,Работает
43,Мужской,31.2,Среднее специальное,Город,1,Пенсионер
33,Женский,53.5,Высшее,Село,3,Работает
25,Женский,42.0,Высшее,Город,1,Пенсионер
24,Женский,17.8,Среднее специальное,Город,1,Работает
32,Женский,63.5,Среднее,Село,1,Работает
28,Мужской,33.0,Среднее специальное,Город,1,Работает
33,Мужской,34.3,Среднее специальное,Город,1,Безработный
32,Мужской,49.0,Среднее специальное,Город,0,Студент
29,Мужской,61.7,Магистратура,Село,3,Работает
25,Мужской,27.3,Высшее,Село,3,Работает
22,Женский,41.9,Высшее,Город,3,Студент
27,Мужской,49.9,Среднее специальное,Город,2,Работает
34,Женский,57.4,Среднее специальное,Город,1,Работает
31,Женский,48.1,Высшее,Село,1,Работает
23,Женский,36.0,Высшее,Город,1,Работает
30,Женский,32.6,Высшее,Город,2,Пенсионер
31,Мужской,46.8,Среднее,Село,0,Безработный
25,Женский,26.4,Высшее,Город,0,Работает
30,Женский,15.0,Среднее специальное,Город,2,Работает
30,Женский,51.5,Магистратура,Город,0,Пенсионер
24,Мужской,55.6,Высшее,Село,4,Работает
31,Мужской,15.0,Высшее,Город,0,Пенсионер
32,Мужской,30.9,Среднее,Город,0,Работает
35,Женский,56.8,Высшее,Город,1,Работает
35,Женский,78.4,Среднее,Город,1,Студент
23,Мужской,41.8,Среднее специальное,Город,4,Безработный
25,Женский,31.6,Среднее,Город,1,Работает
32,Мужской,43.3,Высшее,Село,1,Безработный
32,Мужской,66.6,Среднее специальное,Город,2,Работает
32,Женский,36.3,Среднее специальное,Город,1,Работает
49,Женский,42.5,Магистратура,Город,5,Студент
32,Женский,38.8,Среднее специальное,Город,3,Пенсионер
35,Женский,33.2,Высшее,Село,4,Работает
34,Мужской,48.8,Среднее специальное,Город,2,Работает
33,Мужской,70.9,Среднее,Город,1,Работает
28,Мужской,48.8,Высшее,Город,1,Работает
33,Мужской,42.7,Среднее,Город,2,Работает
26,Мужской,38.6,Среднее специальное,Город,1,Пенсионер
28,Женский,20.6,Высшее,Город,2,Работает
27,Мужской,56.7,Высшее,Село,2,Пенсионер
30,Мужской,43.8,Высшее,Село,1,Работает
41,Мужской,47.8,Среднее специальное,Город,1,Работает
20,Женский,87.9,Среднее,Село,1,Студент
33,Женский,51.0,Высшее,Город,3,Работает
21,Женский,29.2,Высшее,Город,1,Студент
27,Женский,37.1,Высшее,Город,2,Студент
35,Мужской,64.7,Высшее,Город,3,Работает
30,Мужской,46.7,Высшее,Город,1,Студент
24,Женский,20.4,Среднее специальное,Город,0,Работает
26,Женский,56.8,Среднее специальное,Город,3,Студент
33,Мужской,36.5,Высшее,Город,2,Работает
26,Мужской,71.1,Среднее специальное,Город,1,Студент
31,Женский,61.7,Среднее,Село,2,Работает
30,Женский,38.3,Магистратура,Город,0,Безработный
26,Женский,62.2,Магистратура,Город,0,Студент
40,Женский,51.0,Среднее специальное,Город,0,Работает
33,Мужской,59.3,Среднее,Город,2,Работает
19,Мужской,46.8,Среднее специальное,Село,0,Студент
30,Мужской,32.3,Высшее,Город,2,Студент
26,Женский,33.3,Магистратура,Город,1,Работает
34,Женский,62.4,Среднее специальное,Село,1,Работает
26,Мужской,38.0,Среднее,Город,3,Работает
29,Мужской,38.4,Магистратура,Город,1,Работает
32,Мужской,31.7,Среднее специальное,Город,1,Пенсионер
34,Мужской,53.4,Высшее,Село,0,Работает
23,Женский,72.4,Магистратура,Город,4,Работает
28,Мужской,28.0,Среднее,Город,0,Студент
27,Мужской,43.9,Высшее,Город,4,Работает
26,Мужской,64.2,Среднее,Город,1,Безработный
38,Мужской,47.8,Среднее специальное,Город,2,Работает
32,Мужской,52.8,Высшее,Город,1,Работает
23,Мужской,25.6,Среднее специальное,Город,1,Работает
34,Мужской,53.4,Магистратура,Село,1,Безработный
40,Женский,47.2,Высшее,Село,1,Работает
35,Женский,62.3,Среднее специальное,Город,1,Работает
22,Женский,58.8,Среднее специальное,Село,1,Студент
27,Женский,82.3,Среднее специальное,Город,0,Работает
36,Мужской,56.7,Среднее специальное,Город,3,Безработный
26,Женский,47.9,Среднее,Город,1,Работает
32,Женский,48.9,Среднее специальное,Село,0,Безработный
33,Мужской,41.2,Среднее специальное,Село,3,Работает
25,Мужской,47.6,Высшее,Город,1,Безработный
29,Женский,40.1,Высшее,Село,2,Работает
18,Женский,41.5,Высшее,Город,1,Студент
24,Мужской,61.8,Среднее,Село,2,Работает
28,Женский,28.9,Среднее специальное,Село,1,Безработный
23,Мужской,58.6,Высшее,Город,2,Работает
38,Мужской,68.8,Среднее специальное,Село,4,Пенсионер
22,Мужской,39.2,Среднее,Город,0,Студент
27,Мужской,15.0,Высшее,Город,1,Работает
30,Женский,35.9,Высшее,Город,0,Работает
37,Мужской,68.0,Высшее,Город,0,Работает
22,Мужской,40.7,Среднее,Село,2,Студент
35,Женский,32.5,Высшее,Город,0,Безработный
30,Мужской,37.4,Высшее,Город,1,Безработный
25,Женский,55.1,Высшее,Село,0,Работает
32,Женский,54.2,Высшее,Село,0,Работает
30,Женский,41.4,Высшее,Город,3,Работает
26,Мужской,37.5,Высшее,Село,3,Работает
30,Женский,39.1,Среднее,Город,1,Безработный
28,Женский,30.2,Высшее,Село,3,Работает
30,Мужской,69.2,Высшее,Город,1,Безработный
33,Женский,41.7,Высшее,Город,5,Работает
37,Женский,66.8,Среднее,Город,1,Работает
23,Женский,64.3,Среднее,Город,3,Работает
40,Женский,65.0,Магистратура,Город,1,Работает
20,Женский,33.5,Высшее,Город,2,Студент
29,Мужской,50.6,Магистратура,Город,1,Пенсионер
32,Женский,45.6,Высшее,Село,2,Пенсионер
31,Женский,31.9,Высшее,Город,0,Работает
26,Мужской,47.9,Высшее,Город,2,Работает
28,Мужской,26.3,Магистратура,Город,1,Работает
27,Мужской,61.3,Высшее,Город,1,Пенсионер
27,Женский,36.5,Высшее,Село,2,Работает
34,Мужской,50.0,Среднее,Село,1,Студент
31,Женский,49.7,Среднее специальное,Город,2,Работает
26,Женский,39.1,Высшее,Город,0,Работает
34,Мужской,55.8,Среднее специальное,Село,0,Студент
31,Мужской,38.4,Среднее специальное,Город,2,Работает
34,Женский,60.1,Среднее специальное,Село,1,Работает
33,Мужской,26.3,Среднее специальное,Город,1,Работает
25,Женский,44.4,Среднее специальное,Село,4,Работает
27,Мужской,72.6,Среднее специальное,Город,2,Работает
33,Мужской,31.5,Магистратура,Город,1,Безработный
33,Мужской,36.3,Высшее,Село,1,Безработный
29,Женский,52.2,Среднее,Город,1,Работает
30,Мужской,47.7,Среднее,Город,2,Студент
36,Женский,53.3,Высшее,Город,1,Работает
27,Женский,50.8,Среднее специальное,Город,3,Работает
32,Женский,55.5,Высшее,Город,0,Работает
28,Женский,60.6,Высшее,Город,0,Работает
28,Мужской,50.1,Высшее,Город,4,Работает
35,Женский,43.9,Среднее специальное,Город,2,Студент
34,Женский,57.1,Высшее,Село,2,Работает
34,Мужской,75.5,Среднее специальное,Город,1,Работает
36,Женский,46.0,Магистратура,Город,3,Работает
30,Мужской,30.4,Высшее,Город,3,Безработный
33,Женский,63.1,Среднее специальное,Город,2,Пенсионер
28,Мужской,42.2,Среднее специальное,Город,0,Работает
31,Женский,15.0,Среднее,Город,0,Работает
29,Мужской,57.2,Высшее,Город,0,Работает
30,Женский,37.0,Среднее специальное,Город,1,Работает
32,Женский,44.6,Высшее,Город,0,Работает
25,Мужской,47.5,Среднее специальное,Город,2,Работает
40,Мужской,52.9,Высшее,Город,0,Работает
24,Мужской,52.6,Высшее,Город,4,Работает
23,Мужской,35.0,Высшее,Город,0,Работает
35,Женский,55.2,Высшее,Город,0,Студент
33,Женский,42.6,Среднее,Село,0,Студент
33,Мужской,57.6,Среднее,Город,2,Работает
33,Женский,55.7,Высшее,Город,0,Работает
29,Мужской,30.5,Среднее специальное,Город,2,Работает
25,Мужской,58.8,Среднее специальное,Город,1,Работает
30,Женский,37.0,Среднее,Город,2,Безработный
40,Женский,62.1,Среднее специальное,Город,1,Работает
51,Женский,61.0,Среднее,Село,2,Пенсионер
43,Женский,79.1,Магистратура,Город,3,Студент
39,Женский,46.1,Среднее специальное,Село,0,Работает
42,Женский,45.8,Высшее,Город,3,Работает
47,Женский,53.2,Среднее,Город,3,Работает
41,Мужской,46.0,Высшее,Город,2,Работает
39,Мужской,61.5,Среднее специальное,Город,1,Работает
46,Мужской,28.8,Магистратура,Город,1,Работает
46,Мужской,37.2,Магистратура,Город,3,Пенсионер
41,Мужской,34.5,Среднее специальное,Город,2,Работает
41,Женский,64.8,Магистратура,Село,1,Работает
46,Мужской,78.7,Магистратура,Село,2,Работает
34,Мужской,45.4,Высшее,Город,0,Безработный
35,Мужской,45.0,Высшее,Город,0,Работает
39,Мужской,50.6,Среднее специальное,Город,3,Пенсионер
43,Мужской,68.9,Высшее,Город,1,Работает
47,Мужской,39.6,Среднее,Город,2,Работает
55,Мужской,61.1,Среднее,Город,1,Работает
51,Женский,70.1,Магистратура,Город,1,Работает
43,Женский,59.0,Среднее специальное,Город,1,Пенсионер
44,Мужской,54.8,Высшее,Село,4,Работает
37,Женский,63.5,Высшее,Город,0,Пенсионер
44,Женский,15.0,Магистратура,Село,1,Работает
42,Женский,61.2,Магистратура,Город,3,Работает
47,Женский,43.7,Среднее специальное,Город,0,Работает
39,Мужской,22.0,Среднее,Город,1,Работает
48,Женский,61.7,Среднее специальное,Город,1,Безработный
55,Женский,78.1,Среднее,Город,0,Пенсионер
44,Женский,49.9,Среднее,Город,3,Работает
47,Мужской,67.8,Среднее специальное,Город,0,Работает
49,Мужской,78.7,Высшее,Город,2,Работает
42,Мужской,70.7,Высшее,Город,0,Работает
46,Мужской,77.6,Среднее специальное,Город,2,Работает
45,Мужской,63.6,Высшее,Город,1,Работает
45,Мужской,53.6,Среднее специальное,Город,3,Работает
39,Мужской,25.5,Среднее,Город,3,Работает
45,Женский,48.8,Высшее,Город,2,Работает
48,Женский,41.4,Высшее,Село,3,Работает
55,Женский,90.1,Высшее,Город,2,Работает
51,Мужской,52.9,Среднее,Село,1,Работает
60,Мужской,61.8,Высшее,Город,0,Студент
39,Мужской,57.8,Высшее,Город,2,Работает
51,Мужской,56.2,Высшее,Город,0,Работает
46,Мужской,78.4,Высшее,Город,1,Работает
60,Женский,50.7,Магистратура,Город,0,Работает
39,Женский,52.4,Высшее,Село,0,Пенсионер
39,Мужской,38.4,Высшее,Город,4,Работает
40,Мужской,30.2,Магистратура,Город,2,Студент
30,Мужской,35.8,Высшее,Город,0,Пенсионер
41,Мужской,49.9,Среднее специальное,Село,3,Работает
39,Женский,43.1,Высшее,Город,0,Работает
46,Мужской,42.6,Среднее специальное,Город,1,Безработный
47,Мужской,32.4,Среднее специальное,Город,2,Работает
58,Мужской,57.8,Высшее,Село,2,Работает
51,Мужской,32.9,Магистратура,Село,1,Работает
40,Женский,61.4,Магистратура,Город,4,Работает
38,Мужской,50.2,Среднее специальное,Село,1,Работает
48,Мужской,32.1,Высшее,Село,2,Работает
35,Женский,42.9,Среднее специальное,Город,3,Пенсионер
57,Женский,47.2,Магистратура,Город,0,Работает
53,Женский,61.3,Магистратура,Город,2,Пенсионер
41,Мужской,70.6,Высшее,Село,1,Работает
33,Мужской,18.4,Высшее,Город,1,Работает
54,Женский,58.7,Высшее,Село,1,Работает
44,Женский,49.6,Высшее,Город,1,Работает
53,Женский,66.6,Среднее,Село,2,Работает
33,Женский,49.7,Среднее специальное,Город,2,Работает
40,Женский,38.7,Высшее,Город,1,Пенсионер
45,Женский,47.7,Высшее,Село,2,Работает
45,Мужской,40.6,Среднее специальное,Село,3,Работает
41,Мужской,66.6,Магистратура,Село,2,Пенсионер
49,Мужской,54.8,Среднее,Город,2,Безработный
37,Женский,77.0,Высшее,Город,3,Работает
44,Женский,51.1,Высшее,Город,1,Работает
45,Женский,41.9,Высшее,Город,1,Пенсионер
48,Женский,31.3,Высшее,Город,2,Работает
49,Женский,27.5,Среднее специальное,Город,0,Работает
37,Женский,24.7,Среднее,Город,2,Работает
34,Мужской,51.0,Высшее,Село,0,Пенсионер
53,Мужской,64.1,Высшее,Город,1,Работает
47,Женский,29.8,Среднее,Город,0,Студент
39,Мужской,62.9,Высшее,Город,1,Работает
55,Женский,50.3,Среднее специальное,Город,1,Пенсионер
45,Мужской,54.7,Высшее,Город,2,Работает
53,Женский,80.7,Высшее,Село,1,Работает
45,Женский,66.0,Среднее,Село,2,Пенсионер
59,Мужской,55.5,Среднее,Село,1,Работает
57,Мужской,45.1,Высшее,Село,2,Работает
43,Женский,19.2,Высшее,Город,1,Работает
51,Женский,44.7,Высшее,Город,1,Работает
49,Мужской,51.3,Высшее,Город,1,Работает
54,Мужской,42.2,Высшее,Город,2,Безработный
38,Женский,47.0,Магистратура,Город,2,Работает
49,Мужской,55.7,Высшее,Город,0,Работает
52,Женский,52.6,Среднее специальное,Город,1,Работает
32,Женский,36.2,Среднее специальное,Город,0,Работает
36,Женский,50.5,Среднее,Город,4,Безработный
30,Женский,51.6,Высшее,Город,1,Работает
43,Мужской,35.1,Среднее специальное,Город,2,Работает
50,Мужской,76.2,Магистратура,Город,1,Студент
55,Мужской,56.0,Высшее,Город,0,Работает
45,Мужской,52.8,Высшее,Село,0,Пенсионер
56,Мужской,68.6,Среднее специальное,Город,4,Пенсионер
35,Мужской,51.0,Среднее,Город,0,Пенсионер
33,Мужской,60.8,Среднее,Село,1,Работает
44,Женский,56.3,Среднее специальное,Город,2,Пенсионер
47,Мужской,44.3,Среднее,Город,0,Пенсионер
44,Мужской,57.4,Высшее,Город,0,Работает
30,Женский,27.8,Магистратура,Город,3,Работает
44,Мужской,53.6,Магистратура,Село,1,Работает
35,Мужской,47.0,Высшее,Село,0,Работает
49,Женский,51.4,Среднее специальное,Город,2,Работает
47,Мужской,51.6,Магистратура,Город,2,Работает
38,Мужской,20.8,Магистратура,Город,3,Работает
41,Мужской,42.3,Среднее,Город,0,Работает
37,Женский,49.9,Высшее,Город,0,Работает
44,Мужской,54.4,Среднее специальное,Город,0,Работает
51,Мужской,40.1,Высшее,Город,2,Студент
38,Женский,68.0,Магистратура,Город,1,Работает
48,Мужской,41.0,Среднее,Город,1,Работает
41,Женский,65.0,Магистратура,Город,1,Работает
39,Женский,55.9,Высшее,Город,1,Работает
44,Мужской,42.3,Магистратура,Село,1,Безработный
37,Женский,75.1,Среднее специальное,Город,0,Студент
41,Женский,32.6,Высшее,Город,0,Работает
36,Мужской,61.8,Среднее,Село,1,Студент
58,Женский,74.0,Среднее специальное,Город,3,Работает
45,Женский,42.4,Среднее,Город,0,Работает
40,Мужской,70.9,Магистратура,Город,0,Работает
46,Мужской,49.2,Высшее,Город,1,Пенсионер
44,Мужской,56.3,Магистратура,Город,0,Работает
43,Женский,55.4,Магистратура,Город,0,Безработный
49,Мужской,52.5,Среднее,Город,1,Пенсионер
50,Женский,67.2,Среднее специальное,Село,2,Работает
41,Женский,62.4,Среднее,Город,0,Работает
40,Женский,23.8,Среднее специальное,Город,0,Пенсионер
43,Женский,71.1,Среднее специальное,Село,5,Работает
28,Женский,19.1,Среднее специальное,Город,1,Работает
34,Женский,62.5,Среднее специальное,Село,0,Работает
54,Женский,73.9,Среднее,Город,0,Работает
56,Мужской,41.6,Среднее,Село,3,Работает
43,Мужской,45.3,Среднее,Город,0,Работает
49,Женский,37.9,Магистратура,Село,2,Работает
47,Женский,50.3,Высшее,Село,1,Работает
66,Мужской,58.4,Магистратура,Город,1,Пенсионер
52,Женский,67.7,Среднее специальное,Город,1,Студент
44,Мужской,71.7,Среднее специальное,Город,2,Работает
38,Мужской,69.9,Высшее,Город,1,Работает
33,Мужской,38.1,Среднее специальное,Город,0,Студент
46,Женский,49.9,Среднее специальное,Город,2,Работает
39,Женский,24.2,Среднее специальное,Город,1,Работает
35,Мужской,35.4,Среднее,Город,1,Студент
40,Мужской,64.5,Среднее специальное,Город,3,Пенсионер
37,Мужской,72.7,Среднее специальное,Город,2,Безработный
56,Мужской,39.5,Высшее,Город,2,Безработный
51,Мужской,46.6,Среднее,Город,4,Работает
44,Женский,51.6,Среднее специальное,Город,3,Работает
55,Мужской,61.7,Высшее,Город,0,Безработный
45,Женский,40.4,Среднее,Город,2,Работает
38,Мужской,55.4,Среднее специальное,Город,1,Работает
55,Женский,50.4,Магистратура,Город,1,Пенсионер
48,Женский,53.8,Среднее,Село,1,Пенсионер
37,Женский,56.7,Среднее,Город,3,Работает
43,Женский,51.6,Среднее специальное,Город,0,Пенсионер
38,Женский,42.5,Среднее специальное,Город,1,Пенсионер
35,Женский,45.9,Высшее,Село,4,Безработный
51,Мужской,54.2,Высшее,Село,1,Работает
58,Женский,53.4,Среднее,Город,2,Работает
35,Мужской,43.6,Высшее,Город,2,Работает
48,Женский,78.0,Высшее,Село,1,Работает
40,Женский,58.4,Среднее,Город,1,Работает
41,Мужской,46.1,Высшее,Город,4,Работает
40,Женский,60.5,Среднее специальное,Город,2,Работает
38,Мужской,44.0,Среднее специальное,Город,2,Студент
45,Мужской,70.1,Среднее,Село,2,Работает
39,Мужской,55.0,Среднее специальное,Село,3,Безработный
46,Мужской,51.4,Среднее специальное,Село,2,Безработный
44,Женский,58.7,Высшее,Город,1,Работает
43,Женский,27.9,Среднее,Село,2,Студент
38,Мужской,32.1,Среднее специальное,Город,1,Работает
40,Женский,32.1,Среднее специальное,Город,2,Работает
50,Женский,57.1,Высшее,Село,2,Пенсионер
48,Мужской,80.0,Высшее,Город,2,Работает
38,Женский,82.5,Высшее,Город,2,Безработный
45,Мужской,62.1,Высшее,Город,2,Работает
50,Мужской,62.5,Магистратура,Село,1,Пенсионер
33,Женский,19.5,Среднее специальное,Город,0,Работает
48,Женский,45.9,Высшее,Город,2,Работает
40,Женский,38.2,Высшее,Город,0,Работает
48,Мужской,44.7,Магистратура,Село,0,Безработный
39,Мужской,47.0,Магистратура,Село,2,Пенсионер
32,Женский,38.9,Среднее специальное,Город,1,Работает
33,Женский,16.8,Среднее,Город,0,Работает
45,Женский,63.7,Среднее специальное,Город,0,Работает
46,Женский,36.9,Высшее,Село,1,Пенсионер
38,Мужской,52.6,Среднее специальное,Город,1,Работает
49,Женский,85.6,Среднее специальное,Село,3,Пенсионер
33,Мужской,32.7,Высшее,Город,2,Пенсионер
44,Мужской,15.0,Среднее специальное,Село,1,Работает
36,Женский,43.7,Магистратура,Село,1,Работает
40,Женский,66.5,Среднее специальное,Город,4,Работает
45,Женский,81.9,Среднее специальное,Село,2,Пенсионер
38,Мужской,30.6,Среднее специальное,Город,1,Работает
42,Женский,58.5,Высшее,Город,1,Работает
52,Женский,49.0,Среднее,Город,1,Пенсионер
40,Мужской,48.4,Среднее,Село,0,Работает
50,Женский,94.7,Магистратура,Город,3,Работает
37,Мужской,26.0,Среднее,Город,2,Работает
48,Женский,57.8,Высшее,Город,0,Работает
55,Мужской,64.5,Высшее,Город,5,Пенсионер
27,Женский,59.8,Среднее специальное,Город,0,Работает
39,Женский,51.0,Высшее,Город,1,Работает
49,Мужской,59.1,Среднее специальное,Село,3,Пенсионер
43,Мужской,45.6,Высшее,Город,1,Работает
47,Женский,57.5,Среднее специальное,Город,2,Студент
40,Мужской,44.9,Высшее,Город,2,Студент
45,Мужской,61.8,Среднее,Город,1,Работает
43,Мужской,46.0,Высшее,Село,3,Работает
53,Мужской,62.2,Среднее,Село,1,Безработный
46,Женский,52.6,Среднее специальное,Город,2,Работает
47,Женский,70.4,Среднее специальное,Село,2,Работает
42,Мужской,50.2,Среднее,Село,2,Безработный
41,Мужской,23.9,Высшее,Село,0,Работает
41,Мужской,69.4,Среднее специальное,Город,1,Пенсионер
47,Мужской,39.9,Магистратура,Село,4,Работает
42,Женский,41.2,Магистратура,Город,0,Работает
47,Женский,44.6,Высшее,Город,1,Работает
59,Мужской,80.1,Среднее,Город,0,Студент
51,Мужской,23.5,Среднее специальное,Город,2,Безработный
42,Мужской,98.1,Высшее,Город,4,Пенсионер
53,Женский,72.3,Среднее специальное,Город,3,Работает
42,Мужской,54.3,Среднее,Город,0,Работает
30,Женский,44.2,Высшее,Село,1,Работает
37,Мужской,52.8,Высшее,Село,0,Работает
31,Женский,53.3,Высшее,Город,1,Работает
42,Мужской,60.7,Среднее,Село,3,Работает
45,Женский,60.8,Высшее,Село,0,Работает
56,Мужской,59.3,Среднее специальное,Село,3,Студент
47,Мужской,50.5,Среднее специальное,Город,2,Работает
43,Мужской,49.2,Магистратура,Город,2,Студент
50,Женский,52.1,Среднее специальное,Село,1,Работает
29,Мужской,61.5,Среднее специальное,Город,2,Работает
46,Женский,61.9,Среднее,Город,1,Работает
50,Женский,15.0,Магистратура,Город,1,Работает
34,Мужской,56.8,Высшее,Город,5,Работает
53,Мужской,59.4,Высшее,Город,2,Работает
47,Мужской,53.2,Высшее,Город,1,Работает
42,Женский,45.2,Среднее,Город,2,Безработный
49,Мужской,71.4,Среднее специальное,Село,0,Безработный
60,Женский,74.2,Среднее специальное,Село,0,Пенсионер
46,Женский,41.4,Среднее,Город,2,Работает
46,Мужской,59.1,Среднее специальное,Село,2,Работает
41,Мужской,35.9,Магистратура,Город,1,Работает
39,Мужской,28.8,Среднее,Город,0,Работает
50,Мужской,45.6,Среднее специальное,Село,1,Работает
39,Мужской,62.4,Среднее специальное,Село,1,Работает
45,Мужской,66.8,Среднее специальное,Село,0,Работает
41,Женский,58.2,Магистратура,Город,1,Работает
48,Женский,64.9,Среднее специальное,Село,0,Работает
47,Женский,61.2,Среднее специальное,Город,1,Безработный
52,Мужской,46.4,Высшее,Село,0,Безработный
41,Женский,57.0,Среднее,Село,5,Студент
43,Женский,63.5,Среднее специальное,Город,4,Безработный
38,Женский,60.3,Среднее специальное,Город,3,Работает
41,Женский,68.3,Высшее,Село,1,Пенсионер
47,Женский,64.1,Магистратура,Город,1,Пенсионер
50,Мужской,60.3,Высшее,Город,0,Работает
38,Мужской,65.1,Среднее специальное,Село,1,Работает
51,Женский,55.1,Высшее,Город,3,Студент
54,Женский,43.8,Среднее,Село,2,Работает
47,Женский,51.1,Среднее,Город,0,Студент
58,Мужской,47.8,Среднее специальное,Город,1,Работает
39,Мужской,39.4,Среднее специальное,Село,3,Работает
36,Женский,45.8,Высшее,Город,2,Работает
32,Мужской,34.1,Высшее,Город,1,Работает
55,Мужской,52.9,Магистратура,Село,2,Пенсионер
49,Женский,26.1,Высшее,Город,1,Студент
44,Мужской,55.2,Высшее,Город,2,Работает
46,Мужской,53.0,Среднее,Город,2,Работает
37,Женский,36.2,Среднее,Село,0,Пенсионер
62,Мужской,70.9,Высшее,Село,2,Пенсионер
45,Мужской,66.6,Среднее специальное,Село,1,Работает
45,Женский,28.4,Высшее,Город,1,Работает
50,Мужской,43.6,Среднее,Село,2,Безработный
48,Мужской,42.5,Среднее,Город,1,Пенсионер
46,Женский,38.9,Среднее специальное,Город,1,Работает
39,Женский,61.9,Среднее специальное,Город,0,Работает
48,Женский,51.1,Среднее,Село,1,Студент
58,Мужской,55.0,Высшее,Село,2,Безработный
54,Женский,26.9,Среднее,Город,1,Работает
56,Мужской,67.5,Высшее,Город,3,Работает
41,Женский,31.9,Среднее специальное,Село,2,Безработный
38,Мужской,49.9,Среднее,Город,0,Работает
44,Женский,56.2,Среднее специальное,Село,0,Работает
45,Женский,72.9,Высшее,Город,2,Работает
52,Женский,36.4,Среднее специальное,Город,3,Работает
33,Женский,15.0,Высшее,Город,0,Работает
55,Мужской,60.3,Среднее,Город,2,Работает
43,Женский,78.5,Высшее,Село,2,Безработный
42,Женский,69.6,Среднее специальное,Город,2,Работает
37,Мужской,51.6,Высшее,Село,0,Работает
33,Женский,39.1,Высшее,Город,2,Работает
50,Мужской,67.1,Магистратура,Город,2,Студент
45,Женский,37.9,Среднее специальное,Город,0,Пенсионер
35,Женский,54.6,Среднее,Город,0,Работает
35,Женский,55.1,Среднее,Село,1,Пенсионер
42,Мужской,66.9,Высшее,Город,1,Работает
56,Женский,99.4,Высшее,Город,1,Студент
43,Женский,57.4,Высшее,Город,1,Работает
34,Женский,39.4,Среднее специальное,Город,2,Безработный
43,Мужской,51.1,Среднее специальное,Город,3,Работает
43,Мужской,25.0,Среднее,Село,1,Работает
26,Женский,32.6,Магистратура,Город,3,Студент
44,Мужской,45.9,Высшее,Город,2,Работает
43,Женский,43.6,Магистратура,Город,3,Работает
49,Женский,56.8,Среднее специальное,Село,2,Работает
57,Женский,46.2,Высшее,Город,4,Безработный
52,Женский,72.8,Высшее,Город,2,Работает
43,Женский,51.5,Среднее специальное,Город,1,Работает
37,Женский,48.4,Высшее,Город,1,Студент
63,Женский,56.6,Магистратура,Город,0,Пенсионер
45,Мужской,54.8,Магистратура,Город,1,Работает
45,Мужской,64.9,Высшее,Село,1,Студент
44,Мужской,39.0,Среднее специальное,Город,3,Работает
46,Мужской,43.1,Среднее специальное,Село,1,Работает
43,Мужской,46.9,Магистратура,Город,0,Работает
40,Мужской,29.8,Среднее,Город,2,Пенсионер
41,Мужской,38.2,Высшее,Город,0,Работает
44,Женский,44.9,Высшее,Город,0,Студент
41,Женский,63.6,Высшее,Село,2,Пенсионер
40,Женский,53.9,Магистратура,Город,2,Работает
45,Женский,55.4,Среднее специальное,Город,1,Безработный
62,Мужской,73.8,Среднее специальное,Город,1,Пенсионер
77,Мужской,66.4,Среднее,Село,0,Пенсионер
43,Женский,57.4,Среднее специальное,Город,1,Пенсионер
73,Женский,65.0,Среднее специальное,Село,1,Пенсионер
74,Мужской,71.0,Среднее специальное,Город,1,Пенсионер
48,Женский,45.3,Высшее,Город,4,Работает
62,Женский,24.4,Магистратура,Город,2,Пенсионер
62,Женский,59.0,Среднее,Город,2,Пенсионер
53,Женский,77.8,Среднее специальное,Город,1,Работает
58,Мужской,72.9,Магистратура,Город,5,Работает
56,Женский,72.5,Среднее,Село,1,Безработный
79,Женский,88.0,Среднее,Село,3,Пенсионер
72,Мужской,67.3,Среднее,Село,1,Пенсионер
75,Мужской,70.5,Высшее,Город,2,Пенсионер
70,Женский,55.7,Среднее,Город,2,Пенсионер
55,Мужской,52.8,Магистратура,Город,0,Работает
60,Женский,69.2,Среднее специальное,Село,1,Работает
68,Женский,82.1,Высшее,Село,3,Пенсионер
55,Мужской,55.4,Среднее специальное,Город,2,Работает
70,Женский,58.2,Среднее специальное,Город,2,Пенсионер
63,Женский,61.5,Высшее,Город,2,Пенсионер
62,Женский,70.0,Высшее,Город,0,Пенсионер
70,Женский,43.3,Высшее,Город,4,Пенсионер
68,Мужской,29.6,Высшее,Город,0,Пенсионер
62,Мужской,52.7,Магистратура,Село,2,Пенсионер
74,Женский,48.7,Высшее,Город,1,Пенсионер
56,Мужской,50.4,Высшее,Город,0,Студент
69,Женский,62.3,Среднее,Село,0,Пенсионер
69,Женский,57.7,Среднее,Город,2,Пенсионер
62,Женский,82.8,Среднее специальное,Город,2,Пенсионер
67,Женский,68.4,Высшее,Город,0,Пенсионер
54,Женский,61.5,Среднее специальное,Город,0,Работает
72,Мужской,75.3,Среднее специальное,Город,2,Пенсионер
63,Женский,44.4,Магистратура,Село,2,Пенсионер
60,Мужской,75.6,Магистратура,Город,1,Работает
73,Мужской,65.4,Магистратура,Город,2,Пенсионер
59,Женский,69.6,Среднее специальное,Город,1,Работает
53,Женский,40.4,Высшее,Город,3,Работает
52,Женский,32.7,Среднее специальное,Село,1,Работает
69,Женский,76.8,Среднее,Село,1,Пенсионер
54,Женский,62.6,Среднее,Город,5,Работает
79,Мужской,56.0,Среднее специальное,Село,1,Пенсионер
48,Женский,41.0,Среднее специальное,Город,1,Работает
78,Женский,85.9,Высшее,Село,2,Пенсионер
66,Мужской,45.2,Среднее,Город,0,Пенсионер
64,Мужской,86.6,Высшее,Село,1,Пенсионер
60,Женский,46.5,Высшее,Село,0,Работает
68,Мужской,73.6,Среднее специальное,Город,0,Пенсионер
64,Женский,57.1,Среднее специальное,Город,1,Пенсионер
73,Мужской,75.5,Среднее специальное,Село,3,Пенсионер
65,Мужской,54.3,Высшее,Село,2,Пенсионер
66,Женский,60.6,Среднее специальное,Город,0,Пенсионер
62,Мужской,61.6,Среднее,Село,2,Пенсионер
64,Мужской,47.0,Среднее,Город,1,Пенсионер
67,Мужской,74.6,Высшее,Город,3,Пенсионер
51,Мужской,47.8,Магистратура,Город,2,Работает
54,Мужской,53.6,Среднее специальное,Город,1,Работает
70,Мужской,50.1,Высшее,Село,0,Пенсионер
66,Женский,24.6,Высшее,Город,3,Пенсионер
63,Женский,58.6,Магистратура,Село,3,Пенсионер
65,Мужской,98.7,Высшее,Город,2,Пенсионер
67,Женский,75.3,Высшее,Город,2,Пенсионер
60,Женский,59.7,Высшее,Город,0,Безработный
58,Женский,55.1,Магистратура,Город,0,Пенсионер
66,Мужской,63.3,Среднее специальное,Город,1,Пенсионер
57,Женский,66.7,Среднее специальное,Город,1,Работает
68,Мужской,46.3,Среднее,Город,1,Пенсионер
51,Женский,72.2,Высшее,Город,1,Работает
73,Мужской,77.2,Высшее,Город,2,Пенсионер
68,Мужской,74.8,Среднее,Город,1,Пенсионер
67,Женский,70.1,Высшее,Село,2,Пенсионер
72,Женский,66.3,Среднее специальное,Село,0,Пенсионер
78,Мужской,79.1,Среднее,Город,2,Пенсионер
73,Женский,75.4,Магистратура,Город,1,Пенсионер
50,Женский,49.7,Среднее специальное,Город,1,Работает
54,Женский,48.4,Среднее,Село,3,Пенсионер
60,Мужской,61.5,Высшее,Город,1,Работает
65,Мужской,85.7,Высшее,Город,2,Пенсионер
69,Женский,45.9,Среднее,Город,0,Пенсионер
59,Женский,37.5,Высшее,Город,1,Безработный
66,Женский,65.5,Высшее,Город,1,Пенсионер
58,Мужской,59.8,Среднее,Село,1,Работает
60,Мужской,62.6,Среднее,Город,2,Работает
53,Женский,60.2,Высшее,Город,1,Безработный
57,Женский,55.2,Среднее специальное,Город,2,Безработный
54,Женский,79.3,Магистратура,Город,2,Работает
57,Женский,34.5,Высшее,Село,2,Работает
73,Женский,54.1,Магистратура,Город,1,Пенсионер
57,Женский,57.0,Среднее специальное,Село,1,Безработный
86,Мужской,48.4,Магистратура,Город,0,Пенсионер
68,Женский,61.4,Среднее специальное,Город,1,Пенсионер
66,Мужской,87.9,Среднее специальное,Село,0,Пенсионер
58,Женский,59.3,Среднее,Город,1,Пенсионер
70,Женский,68.5,Среднее,Село,2,Пенсионер
60,Мужской,41.1,Высшее,Город,1,Студент
65,Мужской,53.3,Среднее специальное,Село,0,Пенсионер
85,Мужской,66.9,Среднее специальное,Город,1,Пенсионер
64,Мужской,57.2,Высшее,Город,2,Пенсионер
74,Женский,86.2,Среднее специальное,Село,2,Пенсионер
59,Мужской,67.9,Высшее,Село,0,Работает
64,Женский,45.3,Среднее специальное,Село,2,Пенсионер
79,Мужской,73.2,Высшее,Село,2,Пенсионер
59,Женский,67.0,Высшее,Село,1,Пенсионер
79,Женский,86.6,Среднее специальное,Город,0,Пенсионер
70,Женский,88.7,Среднее специальное,Город,1,Пенсионер
60,Женский,44.8,Среднее специальное,Город,2,Пенсионер
70,Женский,52.8,Высшее,Город,2,Пенсионер
72,Женский,47.1,Среднее специальное,Город,3,Пенсионер
69,Мужской,61.0,Среднее специальное,Город,2,Пенсионер
52,Женский,63.0,Среднее,Город,1,Безработный
59,Мужской,74.3,Среднее специальное,Город,0,Работает
63,Мужской,60.4,Среднее специальное,Город,2,Пенсионер
64,Женский,57.2,Высшее,Город,0,Пенсионер
69,Мужской,66.8,Среднее специальное,Город,2,Пенсионер
66,Женский,50.5,Среднее специальное,Село,4,Пенсионер
54,Мужской,88.3,Высшее,Село,2,Работает
68,Женский,39.9,Высшее,Город,0,Пенсионер
69,Мужской,67.3,Среднее специальное,Город,2,Пенсионер
69,Женский,94.9,Среднее специальное,Город,1,Пенсионер
73,Женский,66.6,Среднее специальное,Город,1,Пенсионер
71,Женский,62.6,Магистратура,Город,2,Пенсионер
68,Женский,58.6,Среднее,Город,3,Пенсионер
64,Мужской,59.3,Магистратура,Город,0,Пенсионер
51,Женский,76.1,Высшее,Город,4,Работает
68,Мужской,30.8,Высшее,Село,1,Пенсионер
66,Мужской,86.0,Среднее,Село,0,Пенсионер
67,Мужской,42.1,Среднее специальное,Город,0,Пенсионер
54,Женский,53.0,Среднее специальное,Город,2,Работает
56,Мужской,51.6,Среднее,Город,0,Пенсионер
73,Мужской,75.3,Высшее,Город,4,Пенсионер
64,Мужской,38.0,Магистратура,Село,1,Пенсионер
70,Женский,71.9,Высшее,Город,0,Пенсионер
65,Женский,92.9,Высшее,Село,3,Пенсионер
65,Мужской,42.1,Среднее,Город,1,Пенсионер
72,Женский,68.8,Среднее специальное,Село,1,Пенсионер
60,Женский,50.1,Среднее,Город,1,Работает
65,Мужской,68.9,Высшее,Село,1,Пенсионер
61,Мужской,60.8,Магистратура,Город,2,Пенсионер
61,Женский,50.9,Высшее,Город,0,Пенсионер
62,Мужской,68.3,Среднее,Город,2,Пенсионер
66,Женский,90.1,Среднее специальное,Город,4,Пенсионер
61,Женский,57.6,Высшее,Село,0,Пенсионер
75,Женский,78.3,Среднее специальное,Село,2,Пенсионер
57,Женский,39.1,Высшее,Село,1,Пенсионер
63,Женский,47.2,Высшее,Город,2,Пенсионер
61,Женский,67.6,Высшее,Село,1,Пенсионер
76,Мужской,90.3,Среднее специальное,Город,2,Пенсионер
66,Мужской,68.3,Среднее специальное,Город,2,Пенсионер
73,Женский,61.8,Среднее,Город,0,Пенсионер
53,Женский,56.5,Среднее специальное,Город,3,Работает
67,Женский,44.7,Среднее специальное,Город,0,Пенсионер
72,Мужской,75.1,Высшее,Город,3,Пенсионер
65,Женский,75.7,Высшее,Город,2,Пенсионер
73,Мужской,59.7,Среднее,Село,1,Пенсионер
60,Женский,52.9,Среднее специальное,Город,5,Работает
76,Женский,72.0,Среднее,Город,0,Пенсионер
83,Мужской,64.9,Среднее,Город,1,Пенсионер
62,Мужской,60.0,Высшее,Город,1,Пенсионер
61,Женский,92.0,Среднее,Город,0,Пенсионер
76,Женский,64.3,Среднее специальное,Город,1,Пенсионер
77,Женский,63.1,Среднее,Город,1,Пенсионер
60,Мужской,50.3,Магистратура,Город,1,Пенсионер
61,Мужской,71.7,Высшее,Город,2,Пенсионер
62,Мужской,58.3,Среднее специальное,Село,2,Пенсионер
54,Мужской,47.3,Высшее,Город,1,Безработный
57,Мужской,78.3,Высшее,Город,1,Работает
56,Мужской,79.3,Магистратура,Село,2,Работает
58,Женский,50.0,Среднее специальное,Город,0,Работает
64,Женский,34.0,Магистратура,Город,0,Пенсионер
66,Мужской,78.1,Магистратура,Село,2,Пенсионер
77,Женский,58.2,Магистратура,Город,1,Пенсионер
57,Женский,70.4,Высшее,Город,1,Пенсионер
72,Мужской,36.4,Высшее,Город,1,Пенсионер
63,Женский,74.9,Среднее специальное,Город,0,Пенсионер
64,Мужской,43.8,Высшее,Город,0,Пенсионер
70,Мужской,76.0,Высшее,Город,2,Пенсионер
56,Женский,58.2,Высшее,Город,0,Работает
68,Мужской,49.7,Среднее специальное,Город,0,Пенсионер
66,Мужской,56.9,Высшее,Город,1,Пенсионер
68,Мужской,74.3,Высшее,Город,3,Пенсионер
67,Мужской,65.1,Среднее,Город,0,Пенсионер
84,Мужской,80.8,Высшее,Город,3,Пенсионер
59,Мужской,89.1,Высшее,Город,3,Пенсионер
60,Мужской,36.5,Высшее,Село,2,Пенсионер
60,Мужской,84.3,Среднее специальное,Город,1,Работает
60,Женский,61.6,Среднее специальное,Город,1,Работает
59,Женский,46.0,Магистратура,Город,2,Работает
74,Женский,47.0,Среднее специальное,Город,1,Пенсионер
76,Мужской,65.2,Высшее,Село,3,Пенсионер
60,Мужской,73.8,Среднее специальное,Город,1,Пенсионер
58,Женский,57.1,Высшее,Село,1,Работает
68,Женский,86.7,Среднее специальное,Город,1,Пенсионер
60,Женский,38.2,Высшее,Село,3,Работает
70,Мужской,64.8,Среднее специальное,Город,2,Пенсионер
66,Женский,44.2,Среднее,Село,0,Пенсионер
52,Женский,61.5,Среднее специальное,Город,3,Пенсионер
77,Мужской,81.8,Среднее,Город,2,Пенсионер
79,Женский,63.2,Магистратура,Город,2,Пенсионер
60,Мужской,20.9,Магистратура,Город,3,Работает
61,Мужской,63.5,Среднее специальное,Село,2,Пенсионер
67,Мужской,70.1,Высшее,Город,1,Пенсионер
67,Женский,69.6,Среднее специальное,Город,3,Пенсионер
70,Женский,83.5,Высшее,Село,3,Пенсионер
81,Мужской,54.4,Высшее,Город,1,Пенсионер
63,Женский,71.7,Магистратура,Село,3,Пенсионер
58,Женский,76.9,Среднее специальное,Село,2,Работает
53,Женский,29.8,Высшее,Город,2,Работает
59,Женский,64.3,Среднее специальное,Село,2,Работает
64,Мужской,54.4,Магистратура,Город,2,Пенсионер
79,Женский,68.3,Среднее,Город,4,Пенсионер
60,Мужской,65.2,Высшее,Город,1,Пенсионер
66,Мужской,55.7,Высшее,Город,1,Пенсионер
64,Женский,51.9,Высшее,Село,1,Пенсионер
74,Мужской,67.5,Среднее,Село,2,Пенсионер
85,Женский,56.2,Магистратура,Город,0,Пенсионер
60,Женский,43.7,Среднее,Город,1,Работает
61,Мужской,70.7,Высшее,Село,0,Пенсионер
73,Мужской,49.3,Среднее специальное,Город,4,Пенсионер
70,Мужской,75.0,Среднее специальное,Город,2,Пенсионер
79,Мужской,76.4,Высшее,Город,4,Пенсионер
69,Женский,38.6,Среднее специальное,Село,2,Пенсионер
62,Женский,50.8,Среднее,Город,1,Пенсионер
69,Женский,82.4,Среднее,Село,1,Пенсионер
73,Мужской,51.8,Среднее специальное,Село,3,Пенсионер
71,Мужской,58.5,Высшее,Город,3,Пенсионер
69,Мужской,71.4,Магистратура,Город,1,Пенсионер
73,Женский,78.3,Среднее,Село,0,Пенсионер
74,Мужской,63.2,Среднее специальное,Город,2,Пенсионер
76,Женский,59.0,Среднее,Село,3,Пенсионер
70,Мужской,86.3,Среднее,Село,2,Пенсионер
63,Женский,87.6,Высшее,Город,0,Пенсионер
66,Женский,77.7,Высшее,Село,0,Пенсионер
74,Мужской,68.3,Среднее,Село,2,Пенсионер
58,Мужской,46.9,Среднее специальное,Село,0,Работает
67,Женский,51.0,Среднее,Город,1,Пенсионер
61,Женский,68.3,Высшее,Город,1,Пенсионер
65,Мужской,68.8,Магистратура,Город,0,Пенсионер
75,Мужской,88.5,Среднее,Город,1,Пенсионер
66,Женский,72.8,Среднее специальное,Город,1,Пенсионер
65,Мужской,40.0,Магистратура,Село,2,Пенсионер
54,Женский,72.8,Магистратура,Город,2,Работает
70,Женский,50.0,Среднее специальное,Город,0,Пенсионер
70,Мужской,59.2,Среднее,Город,3,Пенсионер
82,Мужской,74.8,Среднее,Село,0,Пенсионер
62,Мужской,90.9,Высшее,Город,1,Пенсионер
66,Мужской,109.6,Среднее специальное,Город,2,Пенсионер
66,Мужской,72.1,Среднее,Город,3,Пенсионер
77,Женский,65.8,Высшее,Село,0,Пенсионер
64,Женский,70.0,Среднее,Город,1,Пенсионер
67,Мужской,76.8,Высшее,Город,1,Пенсионер
69,Мужской,59.7,Среднее специальное,Село,1,Пенсионер
66,Мужской,89.9,Среднее,Село,1,Пенсионер
61,Женский,64.0,Высшее,Село,1,Пенсионер
66,Мужской,70.5,Среднее специальное,Город,1,Пенсионер
73,Мужской,76.5,Магистратура,Город,3,Пенсионер
56,Женский,64.3,Высшее,Село,0,Работает
66,Женский,75.6,Среднее специальное,Город,2,Пенсионер
59,Мужской,50.2,Высшее,Село,1,Работает
74,Мужской,58.6,Среднее специальное,Город,1,Пенсионер
52,Мужской,39.5,Магистратура,Город,3,Пенсионер
60,Женский,66.6,Среднее специальное,Город,2,Работает
68,Мужской,75.7,Высшее,Город,0,Пенсионер
77,Мужской,75.4,Среднее,Город,0,Пенсионер
64,Мужской,87.1,Среднее специальное,Город,0,Пенсионер
60,Женский,59.9,Высшее,Село,1,Работает
80,Женский,80.0,Высшее,Город,1,Пенсионер
53,Мужской,40.1,Среднее специальное,Город,3,Работает
47,Мужской,47.7,Среднее специальное,Село,1,Работает
68,Женский,74.4,Высшее,Город,1,Пенсионер
60,Женский,72.7,Магистратура,Город,2,Работает
56,Женский,53.6,Среднее,Село,2,Студент
70,Женский,63.9,Среднее специальное,Город,1,Пенсионер
66,Женский,40.2,Среднее специальное,Село,3,Пенсионер
60,Женский,54.6,Магистратура,Село,0,Работает
54,Женский,70.4,Среднее,Село,2,Работает
71,Женский,74.1,Среднее специальное,Город,3,Пенсионер
70,Женский,72.5,Высшее,Город,3,Пенсионер
64,Мужской,62.7,Среднее,Город,2,Пенсионер
79,Мужской,69.6,Среднее специальное,Город,2,Пенсионер
56,Мужской,48.1,Среднее специальное,Село,3,Работает
52,Женский,66.5,Среднее специальное,Город,1,Работает
59,Мужской,65.8,Среднее специальное,Город,0,Работает
64,Женский,69.4,Высшее,Село,1,Пенсионер
66,Женский,55.1,Среднее,Город,1,Пенсионер
63,Мужской,29.2,Высшее,Город,1,Пенсионер
67,Женский,80.0,Высшее,Город,3,Пенсионер
54,Мужской,49.8,Высшее,Село,0,Работает
76,Мужской,55.1,Среднее,Город,2,Пенсионер
64,Мужской,72.4,Среднее,Село,1,Пенсионер
73,Женский,60.6,Среднее специальное,Город,2,Пенсионер
67,Мужской,79.4,Среднее специальное,Село,0,Пенсионер
68,Женский,73.3,Среднее специальное,Село,0,Пенсионер
69,Мужской,74.8,Высшее,Город,2,Пенсионер
68,Мужской,43.5,Среднее,Город,0,Пенсионер
70,Мужской,83.2,Среднее,Город,2,Пенсионер
75,Женский,71.4,Среднее специальное,Село,1,Пенсионер
66,Женский,57.5,Высшее,Город,2,Пенсионер
70,Женский,67.2,Среднее,Город,2,Пенсионер
64,Мужской,35.4,Высшее,Город,1,Пенсионер
76,Мужской,74.1,Среднее специальное,Город,2,Пенсионер
59,Женский,44.1,Магистратура,Город,0,Работает
79,Женский,49.2,Магистратура,Город,0,Пенсионер
64,Женский,39.2,Среднее специальное,Город,1,Пенсионер
53,Женский,73.2,Среднее специальное,Село,2,Студент
66,Женский,53.6,Среднее специальное,Город,1,Пенсионер
59,Женский,82.5,Среднее специальное,Город,0,Работает
71,Мужской,57.5,Высшее,Село,1,Пенсионер
59,Женский,33.9,Высшее,Село,1,Студент
61,Мужской,43.8,Высшее,Село,1,Пенсионер
49,Мужской,73.0,Высшее,Город,0,Работает
61,Женский,58.2,Среднее специальное,Город,0,Пенсионер
45,Женский,44.3,Среднее,Город,1,Работает
52,Мужской,58.4,Высшее,Село,1,Работает
71,Женский,73.0,Среднее специальное,Город,0,Пенсионер
71,Женский,82.3,Высшее,Город,1,Пенсионер
68,Мужской,85.7,Среднее специальное,Город,0,Пенсионер
57,Мужской,53.1,Среднее,Город,1,Работает
64,Мужской,42.1,Магистратура,Город,2,Пенсионер
64,Женский,55.8,Среднее,Город,1,Пенсионер
55,Мужской,61.4,Магистратура,Город,2,Работает
77,Женский,54.0,Магистратура,Город,4,Пенсионер
72,Мужской,51.6,Высшее,Село,1,Пенсионер
63,Мужской,66.7,Высшее,Село,1,Пенсионер
65,Мужской,61.8,Высшее,Село,2,Пенсионер
66,Женский,63.5,Магистратура,Село,2,Пенсионер
48,Женский,42.6,Среднее специальное,Город,1,Студент
63,Мужской,58.0,Среднее специальное,Город,1,Пенсионер
59,Мужской,45.6,Высшее,Город,2,Безработный
56,Мужской,71.4,Среднее специальное,Город,2,Пенсионер
62,Женский,76.5,Среднее специальное,Город,2,Пенсионер
79,Мужской,41.8,Среднее специальное,Город,0,Пенсионер
70,Женский,51.1,Высшее,Город,1,Пенсионер
60,Мужской,37.6,Магистратура,Город,2,Работает
69,Мужской,54.7,Среднее специальное,Город,3,Пенсионер
